site,community,site_type,quadrat,no_shoots,no_repro_shoots,sample_date,weighing_date,sample_type,bag_weight_g,Bag+sample_weight,biomass,bag_no,comment
CH03-00,Chisasibi,survey,1,,,7/17/2025,,algae,7.2529,26.3267,19.0738,C342,
CH03-00,Chisasibi,survey,1,,,7/17/2025,,eelgrass,0,0,0,,AJEmod
CH03-00,Chisasibi,survey,2,,,7/17/2025,,algae,7.2247,14.5504,7.3257,C322,No eelgrass in quadrat
CH03-00,Chisasibi,survey,2,,,7/17/2025,,eelgrass,0,0,0,,AJEmod
CH03-00,Chisasibi,survey,3,,,7/17/2025,,algae,7.2642,34.8775,27.6133,C344,
CH03-00,Chisasibi,survey,3,21,0,7/17/2025,,eelgrass,7.225,10.1968,2.9718,C343,
CH03-00,Chisasibi,survey,4,,,7/17/2025,,algae,7.2257,27.6065,20.3808,C324,
CH03-00,Chisasibi,survey,4,9,0,7/17/2025,,eelgrass,7.2379,8.9677,1.7298,C325,
CH03-00,Chisasibi,survey,5,,,7/17/2025,,algae,7.1817,21.9558,14.7741,C327,
CH03-00,Chisasibi,survey,5,4,0,7/17/2025,,eelgrass,7.1842,8.8408,1.6566,C326,
CH03-00,Chisasibi,survey,6,,,7/17/2025,,algae,7.1995,9.348,2.1485,C347,
CH03-00,Chisasibi,survey,6,20,0,7/17/2025,,eelgrass,7.2486,11.7122,4.4636,C346,
CH33-00,Chisasibi,survey,1,,,7/15/2025,,algae,7.2286,45.8201,38.5915,C054,"People forgot to write bag numbers, Caro matched by weight."
CH33-00,Chisasibi,survey,1,6,0,7/15/2025,,eelgrass,7.1751,8.7063,1.5312,C053,"People forgot to write bag numbers, Caro matched by weight."
CH33-00,Chisasibi,survey,2,,,7/15/2025,,algae,7.1806,19.2484,12.0678,C052,"People forgot to write bag numbers, Caro matched by weight."
CH33-00,Chisasibi,survey,2,12,0,7/15/2025,,eelgrass,7.218,8.8055,1.5875,C051,"People forgot to write bag numbers, Caro matched by weight."
CH33-00,Chisasibi,survey,3,,,7/15/2025,,algae,7.2371,39.2884,32.0513,C058,"People forgot to write bag numbers, Caro matched by weight."
CH33-00,Chisasibi,survey,3,13,0,7/15/2025,,eelgrass,7.2063,8.8379,1.6316,C057,"People forgot to write bag numbers, Caro matched by weight."
CH33-00,Chisasibi,survey,4,,,7/15/2025,,algae,7.213,35.4749,28.2619,C056,"People forgot to write bag numbers, Caro matched by weight."
CH33-00,Chisasibi,survey,4,4,0,7/15/2025,,eelgrass,7.2251,13.1731,5.948,C055,"People forgot to write bag numbers, Caro matched by weight."
CH34-00,Chisasibi,survey,1,,,7/16/2025,,algae,7.2227,35.5136,28.2909,C043,
CH34-00,Chisasibi,survey,1,25,0,7/16/2025,,eelgrass,7.2319,14.5229,7.291,C060,
CH34-00,Chisasibi,survey,2,,,7/16/2025,,algae,7.2638,13.8804,6.6166,C313,
CH34-00,Chisasibi,survey,2,20,0,7/16/2025,,eelgrass,7.2234,15.0519,7.8285,C046,"""Bag 100"""
CH34-00,Chisasibi,survey,3,,,7/16/2025,,algae,7.2433,13.5174,6.2741,C049,"People forgot to write bag numbers, Caro matched by weight."
CH34-00,Chisasibi,survey,3,24,0,7/16/2025,,eelgrass,7.197,16.7881,9.5911,C050,"People forgot to write bag numbers, Caro matched by weight."
CH34-00,Chisasibi,survey,4,,,7/16/2025,,algae,7.2194,20.7274,13.508,C048,
CH34-00,Chisasibi,survey,4,46,0,7/16/2025,,eelgrass,7.2419,22.1168,14.8749,C047,
CH34-00,Chisasibi,survey,5,,,7/16/2025,,algae,7.248,15.747,8.499,C045,
CH34-00,Chisasibi,survey,5,37,0,7/16/2025,,eelgrass,7.2656,19.444,12.1784,C044,7 seedlings
CH34-00,Chisasibi,survey,6,,,7/16/2025,,algae,7.253,30.2724,23.0194,C059,
CH34-00,Chisasibi,survey,6,26,0,7/16/2025,,eelgrass,7.2338,19.2429,12.0091,C042,"""Bag 706"""
CH38-00,Wemindji,survey,1,,,7/21/2025,,algae,8.956,21.8211,12.8651,,
CH38-00,Wemindji,survey,1,30,4,7/21/2025,,eelgrass,9.006,14.0499,5.0439,809,
CH38-00,Wemindji,survey,2,,,7/21/2025,,algae,8.858,21.3238,12.4658,,
CH38-00,Wemindji,survey,2,36,2,7/21/2025,,eelgrass,8.94,11.873,2.933,1207,8 seedlings germinated in mat
CH38-00,Wemindji,survey,3,,,7/21/2025,,algae,8.884,15.1296,6.2456,,
CH38-00,Wemindji,survey,3,39,6,7/21/2025,,eelgrass,9,14.8668,5.8668,250,3 seedlings
CH38-00,Wemindji,survey,4,,,7/21/2025,,algae,8.803,38.7589,29.9559,,
CH38-00,Wemindji,survey,4,37,3,7/21/2025,,eelgrass,8.951,14.1068,5.1558,1005,2 seedlings
CH38-00,Wemindji,survey,5,,,7/21/2025,,algae,8.881,14.7469,5.8659,,
CH38-00,Wemindji,survey,5,31,2,7/21/2025,,eelgrass,8.924,14.7326,5.8086,208,3 seedlings
CH38-00,Wemindji,survey,6,,,7/21/2025,,algae,8.69,13.9012,5.2112,,
CH38-00,Wemindji,survey,6,34,1,7/21/2025,,eelgrass,8.787,13.8223,5.0353,101,
CH38-06,Wemindji,survey,1,,,7/21/2025,,algae,8.85,8.8615,0.0115,,no real mat. epiphytes only
CH38-06,Wemindji,survey,1,38,9,7/21/2025,,eelgrass,8.985,13.8497,4.8647,504,
CH38-06,Wemindji,survey,2,,,7/21/2025,,algae,8.854,9.0126,0.1586,,no real mat. epiphytes only
CH38-06,Wemindji,survey,2,21,8,7/21/2025,,eelgrass,9.074,11.5687,2.4947,1001,
CH38-06,Wemindji,survey,3,,,7/21/2025,,algae,0,0,0,,AJEmod
CH38-06,Wemindji,survey,3,39,4,7/21/2025,,eelgrass,9.043,13.281,4.238,500,no mat
CH38-06,Wemindji,survey,4,,,7/21/2025,,algae,8.97,9.7372,0.7672,,epiphytes
CH38-06,Wemindji,survey,4,21,9,7/21/2025,,eelgrass,8.979,13.288,4.309,1006,
CH38-06,Wemindji,survey,5,,,7/21/2025,,algae,8.982,16.5573,7.5753,,
CH38-06,Wemindji,survey,5,21,3,7/21/2025,,eelgrass,9.005,11.0426,2.0376,706,1 seedling
CH38-06,Wemindji,survey,6,,,7/21/2025,,algae,8.862,53.295,44.433,,
CH38-06,Wemindji,survey,6,10,0,7/21/2025,,eelgrass,8.863,10.2204,1.3574,804,gray bag
R2-00,Waskaganish,survey,1,,,7/24/2025,,algae,7.2788,9.7281,2.4493,C222,
R2-00,Waskaganish,survey,1,8,2,7/24/2025,,eelgrass,7.287,8.2044,0.9174,C221,
R2-00,Waskaganish,survey,2,,,7/24/2025,,algae,7.2215,12.941,5.7195,C225,
R2-00,Waskaganish,survey,2,,,7/24/2025,,eelgrass,0,0,0,C225,AJEmod
R2-00,Waskaganish,survey,3,,,7/24/2025,,algae,7.1658,10.9567,3.7909,C227,
R2-00,Waskaganish,survey,3,16,1,7/24/2025,,eelgrass,7.2987,8.8641,1.5654,C226,
R2-00,Waskaganish,survey,4,,,7/24/2025,,algae,7.3164,9.7477,2.4313,C230,
R2-00,Waskaganish,survey,4,9,0,7/24/2025,,eelgrass,7.1882,7.9644,0.7762,C229,
R2-00,Waskaganish,survey,5,,,7/24/2025,,algae,7.1978,8.0692,0.8714,C233,
R2-00,Waskaganish,survey,5,3,0,7/24/2025,,eelgrass,7.1521,7.3671,0.215,C232,
R2-00,Waskaganish,survey,6,,,7/24/2025,,algae,7.082,10.4792,3.3972,C236,
R2-00,Waskaganish,survey,6,13,1,7/24/2025,,eelgrass,7.2544,9.1856,1.9312,C235,
VC11-00,Wemindji,survey,1,,,7/29/2025,,algae,7.3523,42.8102,35.4579,C129,
VC11-00,Wemindji,survey,1,14,0,7/29/2025,,eelgrass,7.3756,9.7829,2.4073,C130,
VC11-00,Wemindji,survey,2,,,7/29/2025,,algae,7.3698,112.8713,105.5015,C125,
VC11-00,Wemindji,survey,2,,,7/29/2025,,eelgrass,0,0,0,,AJEmod
VC11-00,Wemindji,survey,3,,,7/29/2025,,algae,7.2575,41.3866,34.1291,C127,
VC11-00,Wemindji,survey,3,16,0,7/29/2025,,eelgrass,7.3763,11.9035,4.5272,C128,
VC11-00,Wemindji,survey,4,,,7/29/2025,,eelgrass,7.3827,10.7404,3.3577,C131,
VC11-00,Wemindji,survey,4,,,7/29/2025,,algae,7.3643,125.8795,118.5152,C135,
VC11-00,Wemindji,survey,5,9,0,7/29/2025,,eelgrass,7.3678,9.6978,2.33,C132,
VC11-00,Wemindji,survey,5,,,7/29/2025,,algae,7.3566,8.6239,1.2673,C136,no number of shoots written on datasheet
VC11-00,Wemindji,survey,6,,,7/29/2025,,algae,7.3777,85.5836,78.2059,C115,
VC11-00,Wemindji,survey,6,22,2,7/29/2025,,eelgrass,7.2917,12.2796,4.9879,C116,
VC11-01,Wemindji,survey,1,,,7/27/2025,,algae,7.3985,8.8622,1.4637,C112,
VC11-01,Wemindji,survey,1,12,1,7/27/2025,,eelgrass,7.3181,36.4842,29.1661,C111,
VC11-01,Wemindji,survey,2,,,7/27/2025,,algae,7.3011,7.9367,0.6356,C107,
VC11-01,Wemindji,survey,2,9,0,7/27/2025,,eelgrass,7.3567,9.0424,1.6857,C108,
VC11-01,Wemindji,survey,3,,,7/27/2025,,algae,7.3934,7.6444,0.251,C102,
VC11-01,Wemindji,survey,3,7,0,7/27/2025,,eelgrass,7.2929,8.9088,1.6159,C101,
VC11-01,Wemindji,survey,4,,,7/27/2025,,algae,7.241,63.1067,55.8657,C105,
VC11-01,Wemindji,survey,4,16,3,7/27/2025,,eelgrass,7.3282,10.2405,2.9123,C106,
VC11-01,Wemindji,survey,5,,,7/27/2025,,algae,7.5071,77.0117,69.5046,C103,
VC11-01,Wemindji,survey,5,19,6,7/27/2025,,eelgrass,7.3035,10.4771,3.1736,C104,
VC11-01,Wemindji,survey,6,,,7/27/2025,,algae,7.325,57.8164,50.4914,C110,
VC11-01,Wemindji,survey,6,17,0,7/27/2025,,eelgrass,7.3134,10.7458,3.4324,C109,
VC11-02,Wemindji,survey,1,,,7/29/2025,,algae,7.3921,7.5253,0.1332,C123,
VC11-02,Wemindji,survey,1,9,1,7/29/2025,,eelgrass,7.0883,12.0718,4.9835,C124,
VC11-02,Wemindji,survey,2,,,7/29/2025,,algae,7.3451,30.3081,22.963,C119,
VC11-02,Wemindji,survey,2,8,0,7/29/2025,,eelgrass,7.2802,9.9243,2.6441,C120,
VC11-02,Wemindji,survey,3,,,7/29/2025,,algae,7.3994,45.5631,38.1637,C133,
VC11-02,Wemindji,survey,3,,,7/29/2025,,eelgrass,7.3327,12.5595,5.2268,C134,no number of shoots written on datasheet
VC11-02,Wemindji,survey,4,,,7/29/2025,,algae,7.3066,62.6378,55.3312,C113,
VC11-02,Wemindji,survey,4,6,0,7/29/2025,,eelgrass,7.3228,8.6612,1.3384,C114,
VC11-02,Wemindji,survey,5,,,7/29/2025,,algae,7.4097,66.7365,59.3268,C121,
VC11-02,Wemindji,survey,5,11,0,7/29/2025,,eelgrass,7.4027,9.8821,2.4794,C122,
VC11-02,Wemindji,survey,6,,,7/29/2025,,algae,7.2128,8.2625,1.0497,C118,
VC11-02,Wemindji,survey,6,3,0,7/29/2025,,eelgrass,7.2967,8.4258,1.1291,C117,
VC13-01,Wemindji,survey,1,,,7/10/2025,,algae,7.403,33.0019,25.5989,C088,
VC13-01,Wemindji,survey,1,22,0,7/10/2025,,eelgrass,7.305,8.3342,1.0292,C087,
VC13-01,Wemindji,survey,2,,,7/10/2025,,algae,7.2869,29.8665,22.5796,C094,
VC13-01,Wemindji,survey,2,14,0,7/10/2025,,eelgrass,7.2794,7.7342,0.4548,C095,
VC13-01,Wemindji,survey,3,,,7/10/2025,,algae,7.3871,10.1789,2.7918,C093,
VC13-01,Wemindji,survey,3,28,0,7/10/2025,,eelgrass,7.2843,7.978,0.6937,C092,
VC13-01,Wemindji,survey,4,,,7/10/2025,,algae,7.2561,36.9189,29.6628,C096,
VC13-01,Wemindji,survey,4,30,0,7/10/2025,,eelgrass,7.4058,8.9008,1.495,C097,
VC13-01,Wemindji,survey,5,,,7/10/2025,,algae,7.3588,7.3888,0.03,C099,
VC13-01,Wemindji,survey,5,10,0,7/10/2025,,eelgrass,7.404,7.4785,0.0745,C100,
VC15-01,Eastmain,survey,1,,,8/1/2025,,algae,7.2344,7.9015,0.6671,C246,
VC15-01,Eastmain,survey,1,21,0,8/1/2025,,eelgrass,7.2345,9.32,2.0855,C245,
VC15-01,Eastmain,survey,2,,,8/1/2025,,algae,7.2475,7.1628,-0.0847,C277,
VC15-01,Eastmain,survey,2,12,0,8/1/2025,,eelgrass,7.2707,8.3967,1.126,C278,
VC15-01,Eastmain,survey,3,,,8/1/2025,,algae,7.2576,7.2541,-0.0035,C248,
VC15-01,Eastmain,survey,3,2,0,8/1/2025,,eelgrass,7.308,7.3928,0.0848,C247,
VC15-01,Eastmain,survey,4,,,8/1/2025,,algae,0,0,0,,AJEmod
VC15-01,Eastmain,survey,4,8,1,8/1/2025,,eelgrass,7.2541,8.0684,0.8143,C264,
VC15-01,Eastmain,survey,5,,,8/1/2025,,algae,7.2018,7.348,0.1462,C269,
VC15-01,Eastmain,survey,5,15,0,8/1/2025,,eelgrass,7.2391,8.6594,1.4203,C270,
VC15-01,Eastmain,survey,6,,,8/1/2025,,algae,0,0,0,,AJEmod
VC15-01,Eastmain,survey,6,1,0,8/1/2025,,eelgrass,7.3533,7.3207,-0.0326,C255,
VC15-02,Eastmain,survey,1,,,,,algae,0,0,0,,AJEmod
VC15-02,Eastmain,survey,1,2,0,8/1/2025,,eelgrass,7.3136,7.3019,-0.0117,C261,
VC15-02,Eastmain,survey,2,,,8/1/2025,,algae,7.2581,7.2955,0.0374,C275,
VC15-02,Eastmain,survey,2,7,0,8/1/2025,,eelgrass,7.2277,7.3933,0.1656,C276,
VC15-02,Eastmain,survey,3,,,8/1/2025,,algae,7.2231,7.3926,0.1695,C244,
VC15-02,Eastmain,survey,3,6,0,8/1/2025,,eelgrass,7.2366,8.4442,1.2076,C243,
VC15-02,Eastmain,survey,4,,,8/1/2025,,algae,7.2468,7.2774,0.0306,C250,
VC15-02,Eastmain,survey,4,37,1,8/1/2025,,eelgrass,7.2951,9.2925,1.9974,C249,
VC15-02,Eastmain,survey,5,,,8/1/2025,,algae,7.2535,7.1236,-0.1299,C268,
VC15-02,Eastmain,survey,5,12,0,8/1/2025,,eelgrass,7.2738,9.8723,2.5985,C267,
VC15-02,Eastmain,survey,6,,,8/1/2025,,algae,0,0,0,,AJEmod
VC15-02,Eastmain,survey,6,23,0,8/1/2025,,eelgrass,7.3012,9.7962,2.495,C279,
VC17-00,Wemindji,survey,1,,,7/10/2025,,algae,7.2075,50.7157,43.5082,C034,
VC17-00,Wemindji,survey,1,6,0,7/10/2025,,eelgrass,7.2742,7.3777,0.1035,C035,
VC17-00,Wemindji,survey,2,,,7/10/2025,,algae,7.2434,75.9695,68.7261,C036,
VC17-00,Wemindji,survey,2,10,0,7/10/2025,,eelgrass,7.2155,7.6563,0.4408,C037,
VC17-00,Wemindji,survey,3,,,7/10/2025,,algae,7.2657,80.2858,73.0201,C038,
VC17-00,Wemindji,survey,3,7,0,7/10/2025,,eelgrass,7.2076,7.4999,0.2923,C039,
VC17-00,Wemindji,survey,4,,,7/10/2025,,algae,7.2161,58.9314,51.7153,C033,
VC17-00,Wemindji,survey,4,6,0,7/10/2025,,eelgrass,7.291,7.4116,0.1206,C032,
VC17-00,Wemindji,survey,5,,,7/10/2025,,algae,0,0,0,,AJEmod
VC17-00,Wemindji,survey,5,27,9,7/10/2025,,eelgrass,7.3077,11.1125,3.8048,C027,
VC17-00,Wemindji,survey,6,,,7/10/2025,,algae,7.2717,101.0264,93.7547,C040,
VC17-00,Wemindji,survey,6,9,0,7/10/2025,,eelgrass,7.2346,7.4028,0.1682,C041,
VC17-06,Wemindji,survey,1,,,7/10/2025,,algae,0,0,0,,AJEmod
VC17-06,Wemindji,survey,1,18,0,7/10/2025,,eelgrass,7.3073,9.425,2.1177,C098,
VC17-06,Wemindji,survey,2,,,7/10/2025,,algae,0,0,0,,AJEmod
VC17-06,Wemindji,survey,2,42,4,7/10/2025,,eelgrass,7.4142,13.9474,6.5332,C091,
VC17-06,Wemindji,survey,3,,,7/10/2025,,algae,0,0,0,C086,AJEmod
VC17-06,Wemindji,survey,3,38,11,7/10/2025,,eelgrass,7.305,10.6978,3.3928,C086,
VC17-06,Wemindji,survey,4,,,7/10/2025,,algae,7.3119,7.2457,-0.0662,C090,
VC17-06,Wemindji,survey,4,48,4,7/10/2025,,eelgrass,7.4204,12.5316,5.1112,C089,
VC17-06,Wemindji,survey,5,,,7/10/2025,,algae,7.192,44.0754,36.8834,C082,
VC17-06,Wemindji,survey,5,34,0,7/10/2025,,eelgrass,7.2057,10.0821,2.8764,C081,
VC30-00,Eastmain,survey,1,,,8/1/2025,,algae,7.2217,8.0159,0.7942,C274,
VC30-00,Eastmain,survey,1,18,0,8/1/2025,,eelgrass,7.327,8.8605,1.5335,C273,
VC30-00,Eastmain,survey,2,,,8/1/2025,,algae,7.298,9.9152,2.6172,C256,
VC30-00,Eastmain,survey,2,24,0,8/1/2025,,eelgrass,7.2715,8.4224,1.1509,C280,
VC30-00,Eastmain,survey,3,,,8/1/2025,,algae,7.3033,8.1412,0.8379,C266,
VC30-00,Eastmain,survey,3,12,0,8/1/2025,,eelgrass,7.2539,8.2197,0.9658,C265,
VC30-00,Eastmain,survey,4,,,8/1/2025,,algae,7.2934,13.8071,6.5137,C262,
VC30-00,Eastmain,survey,4,6,0,8/1/2025,,eelgrass,7.3363,7.5133,0.177,C263,
VC30-00,Eastmain,survey,5,,,8/1/2025,,algae,7.2919,7.506,0.2141,C272,
VC30-00,Eastmain,survey,5,5,0,8/1/2025,,eelgrass,7.2694,8.1252,0.8558,C271,
VC30-00,Eastmain,survey,6,,,8/1/2025,,algae,7.443,8.0135,0.5705,C251,
VC30-00,Eastmain,survey,6,11,0,8/1/2025,,eelgrass,7.3591,13.1016,5.7425,C252,
VC32-03,Eastmain,survey,1,,,7/31/2025,,algae,7.2698,7.4423,0.1725,C293,
VC32-03,Eastmain,survey,1,17,1,7/31/2025,,eelgrass,7.2951,8.256,0.9609,C294,
VC32-03,Eastmain,survey,2,,,7/31/2025,,algae,7.3594,7.5731,0.2137,C289,
VC32-03,Eastmain,survey,2,19,2,7/31/2025,,eelgrass,7.2911,8.1977,0.9066,C288,
VC32-03,Eastmain,survey,3,,,7/31/2025,,algae,7.2789,7.4615,0.1826,C287,
VC32-03,Eastmain,survey,3,23,0,7/31/2025,,eelgrass,7.3057,9.6821,2.3764,C290,
VC32-03,Eastmain,survey,4,,,7/31/2025,,algae,7.3297,7.2279,-0.1018,C299,
VC32-03,Eastmain,survey,4,9,3,7/31/2025,,eelgrass,7.3223,8.3369,1.0146,C300,
VC32-03,Eastmain,survey,5,,,7/31/2025,,algae,7.241,7.1275,-0.1135,C295,
VC32-03,Eastmain,survey,5,15,3,7/31/2025,,eelgrass,7.264,9.9304,2.6664,C296,
VC32-03,Eastmain,survey,6,,,7/31/2025,,algae,7.2822,7.4022,0.12,C282,
VC32-03,Eastmain,survey,6,15,1,7/31/2025,,eelgrass,7.2505,8.0255,0.775,C281,
VC32-05,Eastmain,survey,1,,,7/31/2025,,algae,7.3565,7.5361,0.1796,C283,
VC32-05,Eastmain,survey,1,8,1,7/31/2025,,eelgrass,7.2365,7.7622,0.5257,C284,
VC32-05,Eastmain,survey,2,,,7/31/2025,,algae,7.316,7.9287,0.6127,C286,
VC32-05,Eastmain,survey,2,2,0,7/31/2025,,eelgrass,7.2841,7.2434,-0.0407,C285,
VC32-05,Eastmain,survey,4,,,7/31/2025,,algae,7.255,8.4755,1.2205,C241,
VC32-05,Eastmain,survey,4,12,0,7/31/2025,,eelgrass,7.2565,8.5458,1.2893,C242,
VC32-05,Eastmain,survey,5,,,7/31/2025,,algae,7.3066,8.6225,1.3159,C297,
VC32-05,Eastmain,survey,5,11,0,7/31/2025,,eelgrass,7.2495,7.7948,0.5453,C298,
VC32-05,Eastmain,survey,6,,,7/31/2025,,algae,7.2663,9.1759,1.9096,C292,
VC32-05,Eastmain,survey,6,15,0,7/31/2025,,eelgrass,7.3523,8.6326,1.2803,C291,
