source,outplant,date_planted,cluster,height_1_D0,height_2_D0,height_3_D0,tag_color,density_D0
VC11_01,hist,6/22/26,60906,32,42,44,polka_dot,3
VC11_01,hist,6/22/26,60908,36,30,28,polka_dot,3
VC11_01,hist,6/22/26,60907,42,36,32,polka_dot,3
VC11_01,hist,6/22/26,60909,28,30,22,polka_dot,3
VC11_01,VC11_01,6/22/26,60910,34,28,29,polka_dot,3
VC11_01,VC11_01,6/22/26,60911,36,30,26,polka_dot,3
VC11_01,VC11_01,6/22/26,60912,32,28,28,polka_dot,3
VC11_01,VC11_01,6/22/26,60913,46,38,38,polka_dot,3
VC11_01,VC11_00,6/22/26,60920,28,24,24,polka_dot,3
VC11_01,VC11_00,6/22/26,60915,34,32,28,polka_dot,3
VC11_01,VC11_00,6/22/26,60916,50,40,32,polka_dot,3
VC11_01,VC11_00,6/22/26,60919,28,30,18,polka_dot,3
VC11_00,VC11_00,6/22/26,60505,52,36,38,pink,3
VC11_00,VC11_00,6/22/26,60502,34,26,26,pink,3
VC11_00,VC11_00,6/22/26,60503,30,28,26,pink,3
VC11_00,VC11_00,6/22/26,60504,50,36,30,pink,3
VC11_00,hist,6/22/26,60506,26,20,18,pink,3
VC11_00,hist,6/22/26,60509,24,24,26,pink,3
VC11_00,hist,6/22/26,60508,26,22,18,pink,3
VC11_00,hist,6/22/26,60507,40,32,32,pink,3
VC11_00,VC11_01,6/22/26,60514,30,28,24,pink,3
VC11_00,VC11_01,6/22/26,60512,38,30,30,pink,3
VC11_00,VC11_01,6/22/26,60515,22,18,16,pink,3
VC11_00,VC11_01,6/22/26,60513,30,26,22,pink,3
