date_collected,site,plant,repro,length_cm,sheath_length_cm,Leaf_width_cm,no_blades,epi_scale,rhiz_width_cm,long_leaf_broken
7/8/26,VC11_00,1,n,28.7,8.4,0.2,3,1,,n
7/8/26,VC11_00,2,n,35.6,9,0.3,5,0,,n
7/8/26,VC11_00,3,n,43.5,11.2,0.3,5,1,,n
7/8/26,VC11_00,4,n,47.5,11.4,0.4,5,0,,n
7/8/26,VC11_00,5,n,41.4,11.6,0.3,4,0,,n
7/8/26,VC11_00,6,n,42.9,10.7,0.3,4,0,,n
7/8/26,VC11_00,7,n,35.9,9,0.3,4,0,,y
7/8/26,VC11_00,8,n,52.8,12.2,0.4,5,0,,n
7/8/26,VC11_00,9,n,43.6,11.3,0.3,5,0,,n
7/8/26,VC11_00,10,n,40.7,9.3,0.3,4,0,,n
7/8/26,VC11_00,11,n,46.9,12.4,0.4,6,2,,n
7/8/26,VC11_00,12,n,38.7,11.4,0.3,4,3,,n
7/8/26,VC11_00,13,n,40.5,11.3,0.4,4,2,,n
7/8/26,VC11_00,14,n,61,16.5,0.4,5,0,,n
7/8/26,VC11_00,15,n,39.1,10.4,0.4,5,2,,n
7/8/26,VC11_00,16,n,46.9,12.5,0.3,4,0,,n
7/8/26,VC11_00,17,n,63.5,14.1,0.4,4,0,,n
7/8/26,VC11_00,18,n,32,7.7,0.3,4,1,,n
7/8/26,VC11_00,19,n,28.8,7.1,0.3,3,0,0.2,n
7/8/26,VC11_00,20,n,26.1,7.5,0.4,5,1,0.3,n
7/8/26,VC11_00,21,n,49,16,0.4,4,1,,n
7/8/26,VC11_00,22,n,51,12,0.4,4,3,,n
7/8/26,VC11_00,23,n,45,12,0.3,3,1,,n
7/8/26,VC11_00,24,n,47,13,0.4,5,1,,n
7/8/26,VC11_00,25,n,32,9,0.3,4,1,,n
7/8/26,VC11_00,26,n,26.5,7.7,0.3,4,0,,n
7/8/26,VC11_00,27,n,29.3,7,0.3,5,1,,n
7/8/26,VC11_00,28,n,29.5,7.4,0.3,4,3,,n
7/8/26,VC11_00,29,n,43,11.5,0.4,5,2,,n
7/8/26,VC11_00,30,n,15.3,4.1,0.2,5,,,n
7/8/26,VC11_01,1,n,41.1,13.1,0.3,4,,,n
7/8/26,VC11_01,2,n,53.3,16.2,0.3,5,1,,n
7/8/26,VC11_01,3,n,41.6,11.5,0.3,5,3,0.2,n
7/8/26,VC11_01,4,n,46.8,14.5,0.4,5,2,y,n
7/8/26,VC11_01,5,n,44.7,12.5,0.5,5,2,0.3,n
7/8/26,VC11_01,6,n,44.5,11.3,0.4,5,5,0.3,n
7/8/26,VC11_01,7,n,52.3,16,0.4,5,2,,n
7/8/26,VC11_01,8,n,27.6,8,0.2,5,2,0.2,n
7/8/26,VC11_01,9,n,40.8,9.8,0.3,5,4,,n
7/8/26,VC11_01,10,n,38,8,0.4,5,1,0.3,y
7/8/26,VC11_01,11,n,52,14.6,0.3,5,1,,n
7/8/26,VC11_01,12,n,39.1,11.9,0.3,3,0,0.2,n
7/8/26,VC11_01,13,n,57.5,16.2,0.3,5,1,,n
7/8/26,VC11_01,14,n,60,14.7,0.4,6,3,0.3,n
7/8/26,VC11_01,15,n,47.8,10.9,0.4,5,2,0.2,n
7/8/26,VC11_01,16,n,53.6,14.7,0.3,6,2,y,n
7/8/26,VC11_01,17,n,57.3,18,0.5,5,2,0.4,n
7/8/26,VC11_01,18,n,53.8,13.3,0.3,6,3,,n
7/8/26,VC11_01,19,n,61.9,16.3,0.5,5,2,0.4,n
7/8/26,VC11_01,20,n,50.7,13.3,0.4,4,2,0.2,n
7/8/26,VC11_01,21,n,39.5,9.7,0.3,5,2,,n
7/8/26,VC11_01,22,n,35.6,10.3,0.3,4,1,,n
7/8/26,VC11_01,23,n,50.8,14.6,0.4,5,1,0.2,n
7/8/26,VC11_01,24,n,43.1,11.8,0.3,5,1,,n
7/8/26,VC11_01,25,n,55.9,12.7,0.4,4,1,,n
7/8/26,VC11_01,26,n,38.6,8.6,0.3,5,1,0.2,n
7/8/26,VC11_01,27,n,46.1,10.3,0.3,6,3,0.2,n
7/8/26,VC11_01,28,n,33.9,8.9,0.4,4,1,0.2,n
7/8/26,VC11_01,29,n,53.7,16.6,0.4,5,3,,n
7/8/26,VC11_01,30,n,53.4,11.4,0.4,5,,0.4,y
