cluster,shoot_no,code,source,outplant,date_poked,date_processed,interval,no_clones,repro,ref_length_cm,length_cm,leaf_width_cm,sheath_length_cm,sheath_width_cm,b1_full_cm,b1_new_cm,b1_broken,b2_full_cm,b2_new_cm,b2_broken,b3_full_cm,b3_new_cm,b3_broken,b4_full_cm,b4_new_cm,b4_broken,b5_full_cm,b5_new_cm,b5_broken,b6_full_cm,b6_new_cm,b6_broken,b7_full_cm,b7_new_cm,b7_broken,int_1_cm,int_2_cm,int_3_cm,tag_color,notes
60538,1,60538_1,VC11_00,VC11_01,6/23/26,7/10/26,17,0,n,3.2,38.2,0.3,9.9,0.4,9.8,0,y,30.8,1.5,n,34.9,12.7,n,30.6,22.4,n,13.4,13.4,n,1.2,1.2,n,,,,1,0.7,0.6,yellow_black_stripe,
60538,2,60538_2,VC11_00,VC11_01,6/23/26,7/10/26,17,0,n,4.7,35,0.3,8.5,0.4,26.5,0,y,30.6,12.4,n,25.4,21.3,n,7.1,7.1,n,,,,,,,,,,0.4,0.9,0.6,yellow_black_stripe,
60538,3,60538_3,VC11_00,VC11_01,6/23/26,7/10/26,17,0,n,1.5,43.5,0.3,8.2,0.4,17.8,0,y,42,2.4,n,29.4,9.7,n,16.8,13.9,n,4.9,4.9,n,,,,,,,0.7,0.6,0.6,yellow_black_stripe,
60537,1,60537_1,VC11_00,VC11_01,6/23/26,7/10/26,17,0,n,1.8,36.7,0.3,8,0.3,22.6,0,n,35.5,4.6,n,29.8,12.6,n,21.6,17.2,n,5.2,5.2,n,,,,,,,0.9,0.7,0.7,yellow_black_stripe,
60537,2,60537_2,VC11_00,VC11_01,6/23/26,7/10/26,17,0,n,1.2,25.7,0.3,4.3,0.3,7.2,0,y,22.2,0,n,24.2,11.3,n,11.4,11.4,n,2.7,2.7,n,,,,,,,0.5,0.4,0.4,yellow_black_stripe,
60537,3,60537_3,VC11_00,VC11_01,6/23/26,7/10/26,17,0,n,0.8,27.5,0.3,6.5,0.3,9.5,0,n,25.5,1.7,n,26.6,11.5,n,18.5,15.1,n,8.2,8.2,n,,,,,,,0.7,0.7,0.6,yellow_black_stripe,
60536,1,60536_1,VC11_00,VC11_01,6/23/26,7/10/26,17,0,n,1.5,25.3,0.3,5.4,0.4,21.7,0,n,24.2,2.5,n,17.2,13,n,29.2,10.8,n,6,6,n,,,,,,,0.3,0.9,0.9,yellow_black_stripe,
60536,2,60536_2,VC11_00,VC11_01,6/23/26,7/10/26,17,0,n,2,23.5,0.3,6,0.3,4.5,0,y,4.9,1.2,y,18.1,13,n,21.6,9,y,9.5,9.5,n,,,,,,,0.3,0.9,0.5,yellow_black_stripe,
60536,3,60536_3,VC11_00,VC11_01,6/23/26,7/10/26,17,0,n,0.4,40.6,0.4,9,0.4,17,0,y,40.2,1.5,n,37,11.3,n,21.4,18.9,n,37,19.5,n,6.7,6.7,n,,,,0.6,1.3,0.9,yellow_black_stripe,
60535,1,60535_1,VC11_00,VC11_01,6/23/26,7/10/26,17,0,n,5.5,36.9,0.3,9.5,0.4,27.8,0,n,31.7,11.1,n,28.5,21.4,n,10.2,10.2,n,,,,,,,,,,0.7,0.5,0.7,yellow_black_stripe,
60535,2,60535_2,VC11_00,VC11_01,6/23/26,7/10/26,17,0,n,3.6,35.6,0.4,7.4,0.4,17.9,0,y,32,5.5,n,29.9,17.5,n,14.7,14.7,n,6.4,6.4,n,,,,,,,0.6,0.7,1.1,yellow_black_stripe,
60535,3,60535_3,VC11_00,VC11_01,6/23/26,7/10/26,17,0,n,0.9,38.7,0.3,9.2,0.4,9,0,y,24.9,1.2,n,38.1,12.1,n,25,18.3,n,10.5,10.5,n,,,,,,,0.8,0.5,0.6,yellow_black_stripe,
60534,1,60534_1,VC11_00,VC11_01,6/23/26,7/10/26,17,0,n,3.7,34,0.3,8,0.3,13.8,0,y,30.5,3.7,y,28.6,17.4,n,17.4,17.4,n,4.1,4.1,n,,,,,,,0.2,0.7,0.6,yellow_black_stripe,
60534,2,60534_2,VC11_00,VC11_01,6/23/26,7/10/26,17,0,n,0.5,36.8,0.3,8.6,0.4,13,0,y,36.2,2.2,n,33.3,15.7,n,23.9,20.7,n,9.5,9.5,n,,,,,,,0.5,0.9,0.5,yellow_black_stripe,
60534,3,60534_3,VC11_00,VC11_01,6/23/26,7/10/26,17,0,n,2.6,28.2,0.3,7,0.3,12.8,0,y,20.3,14.4,n,25.3,3.1,n,8.5,8.5,n,0.9,0.9,n,,,,,,,0.4,0.5,0.5,yellow_black_stripe,
60533,1,60533_1,VC11_00,VC11_01,6/23/26,7/10/26,17,0,n,2,26.5,0.3,6.2,0.3,18.2,0.6,n,24.7,11.2,n,18.2,15.9,n,5.2,5.2,n,,,,,,,,,,0.5,0.7,0.5,yellow_black_stripe,
60533,2,60533_2,VC11_00,VC11_01,6/23/26,7/10/26,17,0,n,1.7,33.8,0.3,7.9,0.4,26.1,0,y,28,4.3,n,32.2,15,n,23.7,19.6,n,6.8,6.8,n,,,,,,,1,0.9,0.5,yellow_black_stripe,
60533,3,60533_3,VC11_00,VC11_01,6/23/26,7/10/26,17,0,n,4.9,20.5,0.3,5,0.3,15.9,0,n,11.2,8,n,7.8,7.8,n,3.1,3.1,n,,,,,,,,,,0.7,0.7,0.5,yellow_black_stripe,
60532,1,60532_1,VC11_00,VC11_01,6/23/26,7/10/26,17,0,n,0.5,30.3,0.3,9.3,0.3,12.4,0,n,26,0.5,n,30.1,8.8,n,23.5,13.2,n,11.7,11.7,n,,,,,,,0.4,0.7,0.5,yellow_black_stripe,
60532,2,60532_2,VC11_00,VC11_01,6/23/26,7/10/26,17,0,n,6.8,43.2,0.4,9.5,0.4,21.6,0,n,37.5,10.5,n,28.3,21.6,n,10.6,10.6,n,,,,,,,,,,0.4,1,0.5,yellow_black_stripe,
60532,3,60532_3,VC11_00,VC11_01,6/23/26,7/10/26,17,0,n,2,38.8,0.3,8.1,0.5,31.8,0,y,36.1,3.4,n,32.3,15.2,n,27.2,21.5,n,14.3,14.3,n,,,,,,,0.3,1,1.3,yellow_black_stripe,
60519,1,60519_1,VC11_00,VC11_01,6/23/26,7/10/26,17,0,n,3,41.8,0.3,10,0.4,14.1,0,y,38.9,1.6,n,37.2,12.9,n,38.5,23.8,n,18.8,18.8,n,5.5,5.5,n,,,,0.5,1,0.9,yellow_black_stripe,
60519,2,60519_2,VC11_00,VC11_01,6/23/26,7/10/26,17,0,n,2,44.5,0.4,9,0.4,28,0,y,42.5,6.4,n,37.7,17.8,n,27.2,19.4,n,7.6,7.6,n,,,,,,,0.2,0.6,0.8,yellow_black_stripe,
60519,3,60519_3,VC11_00,VC11_01,6/23/26,7/10/26,17,0,n,2.4,27.2,0.3,6,0.4,8.4,0,y,20.5,1.6,y,24.8,10.2,n,20.7,15.1,n,10.5,10.5,n,0.7,0.7,n,,,,0.3,1.2,0.9,yellow_black_stripe,
60518,1,60518_1,VC11_00,VC11_01,6/23/26,7/10/26,17,0,n,3.6,35.8,0.4,7.7,0.4,8.9,0,y,32.1,5,n,30.3,15.3,n,21.8,18.1,n,6.7,6.7,n,,,,,,,0.6,1.2,1,yellow_black_stripe,
60518,2,60518_2,VC11_00,VC11_01,6/23/26,7/10/26,17,0,n,2.4,38.5,0.3,7.2,0.4,29.2,0,y,28.7,14.6,n,35.9,5.3,n,15.1,15.1,n,4.2,4.2,n,,,,,,,0.2,0.5,0.8,yellow_black_stripe,
60518,3,60518_3,VC11_00,VC11_01,6/23/26,7/10/26,17,0,n,3.2,47.4,0.3,9.5,0.4,44.5,0,y,40.8,3.1,n,36.4,16.4,n,28.5,20.3,n,12.4,12.4,n,,,,,,,0.2,0.8,0.8,yellow_black_stripe,
60530,1,60530_1,VC11_00,VC11_00,6/23/26,7/10/26,17,0,n,1.7,29.1,0.3,5.4,0.3,9.2,0,y,27.3,3.5,n,17.8,13.5,n,13.3,13.3,n,7.3,7.3,n,,,,,,,0.3,0.6,0.6,yellow_black_stripe,
60530,2,60530_2,VC11_00,VC11_00,6/23/26,7/10/26,17,0,n,0.7,30.2,0.3,5.5,0.3,22.5,0,n,29.7,4,n,29.6,13.7,n,15.3,13.2,n,7.7,7.7,n,,,,,,,0.3,1,0.8,yellow_black_stripe,
60530,3,60530_3,VC11_00,VC11_00,6/23/26,7/10/26,17,0,n,3.3,31.8,0.3,8,0.4,8.6,0.4,y,26.4,1.8,y,27.8,14.7,n,26.1,22.9,n,10.8,10.8,n,,,,,,,0.5,1.2,0.6,yellow_black_stripe,
60529,1,60529_1,VC11_00,VC11_00,6/23/26,7/10/26,17,0,n,3,18.4,0.2,5.1,0.2,10.3,0,y,14.3,1.9,n,15.5,7.9,n,6.3,6.3,n,,,,,,,,,,0.6,0.9,0.4,yellow_black_stripe,
60529,2,60529_2,VC11_00,VC11_00,6/23/26,7/10/26,17,0,n,1,30.5,0.3,7.5,0.3,17.3,0,y,27.7,3.2,y,29.6,11.8,n,21.6,13,n,11.8,11.8,n,2.3,2.3,n,,,,1,1,0.7,yellow_black_stripe,
60529,3,60529_3,VC11_00,VC11_00,6/23/26,7/10/26,17,0,n,2.8,26,0.3,6.6,0.3,23.4,0,n,21.1,3.1,n,19.4,8.8,n,7.9,7.9,n,,,,,,,,,,0.3,0.9,0.8,yellow_black_stripe,
60528,1,60528_1,VC11_00,VC11_00,6/23/26,7/10/26,17,0,n,0.9,36.4,0.4,6,0.5,17.5,0,y,35.3,30,n,34.3,14.7,n,24.4,18.4,n,12.6,12.6,n,0.7,0.7,n,,,,0.3,1,0.6,yellow_black_stripe,
60528,2,60528_2,VC11_00,VC11_00,6/23/26,7/10/26,17,0,n,1.4,25.3,0.3,6.6,0.3,23.3,0,n,22.9,4.9,n,22,11.6,n,14.6,12.9,n,3.9,3.9,n,,,,,,,0.8,0.8,0.5,yellow_black_stripe,
60528,3,60528_3,VC11_00,VC11_00,6/23/26,7/10/26,17,0,n,3.6,31.1,0.4,8.5,0.3,26.7,0,y,27.5,13,n,21.3,17.1,n,7.6,7.6,n,,,,,,,,,,0.3,1,0.7,yellow_black_stripe,
60545,1,60545_1,VC11_00,VC11_00,6/23/26,7/10/26,17,0,n,3.4,24.3,0.3,5.7,0.3,6.9,0,y,20.9,2.8,y,16.3,11,n,7.5,7.5,n,,,,,,,,,,0.7,0.4,0.5,yellow_black_stripe,
60545,2,60545_2,VC11_00,VC11_00,6/23/26,7/10/26,17,0,n,0.6,24.4,0.3,4.7,0.3,13.6,0,n,23.3,2.6,n,23.8,11,n,18.6,12.6,n,9.8,9.8,n,2.9,2.9,n,,,,1.2,0.7,0.5,yellow_black_stripe,
60545,3,60545_3,VC11_00,VC11_00,6/23/26,7/10/26,17,0,n,1.5,26,0.3,6.4,0.3,24.4,0,n,21.9,7.4,n,15.9,11.6,n,8.5,8.5,n,1,1,n,,,,,,,1,1,0.4,yellow_black_stripe,
60543,1,60543_1,VC11_00,VC11_00,6/23/26,7/10/26,17,0,n,2.5,22,0.2,6.7,0.3,18.4,0,n,19.3,9,n,11.3,10.9,n,2.9,2.9,n,,,,,,,,,,0.6,0.4,0.4,yellow_black_stripe,
60543,2,60543_2,VC11_00,VC11_00,6/23/26,7/10/26,17,0,n,2.6,32.3,0.3,6.5,0.3,14.3,0,n,29.7,6.4,n,25.5,17.1,n,12.5,12.5,n,1.2,1.2,n,,,,,,,0.8,0.6,0.5,yellow_black_stripe,
60543,3,60543_3,VC11_00,VC11_00,6/23/26,7/10/26,17,0,n,2,36.5,0.3,8.7,0.4,15.8,0,n,33.8,3,n,28.5,11.3,n,20.1,17.5,n,9.9,9.9,n,,,,,,,0.9,0.9,0.7,yellow_black_stripe,
60542,1,60542_1,VC11_00,VC11_00,6/23/26,7/10/26,17,0,n,3.5,34.4,0.4,8.4,0.4,30.9,0,n,29.6,7.5,n,24.6,13.9,n,15.4,15.4,n,4.2,4.2,n,,,,,,,0.8,1.2,0.7,yellow_black_stripe,
60542,2,60542_2,VC11_00,VC11_00,6/23/26,7/10/26,17,0,n,3.1,45.2,0.4,9.9,0.4,37.6,0,n,42.2,8,n,37.7,19.2,n,27.4,21.5,n,11.9,11.9,n,,,,,,,0.2,1,1.1,yellow_black_stripe,
60542,3,60542_3,VC11_00,VC11_00,6/23/26,7/10/26,17,0,n,4.2,40.5,0.4,7.1,0.4,36.4,0,n,20.8,4.5,n,15.9,9.9,n,7.7,7.7,n,,,,,,,,,,0.5,1,1.1,yellow_black_stripe,
60525,1,60525_1,VC11_00,VC11_00,6/23/26,7/10/26,17,0,n,1.5,25.4,0.3,7.4,0.3,20.4,0,y,24.1,4.7,n,24.3,12.5,n,11.5,11.5,n,3.1,3.1,n,,,,,,,0.6,0.7,0.6,yellow_black_stripe,
60525,2,60525_2,VC11_00,VC11_00,6/23/26,7/10/26,17,0,n,1.4,27.4,0.3,5.4,0.3,13.1,0,y,26,4.8,n,19.2,11.4,n,10,10,n,2,2,n,,,,,,,0.6,0.8,0.5,yellow_black_stripe,
60525,3,60525_3,VC11_00,VC11_00,6/23/26,7/10/26,17,0,n,2.2,30.4,0.3,6.7,0.4,17.4,0,n,28.3,3.1,n,27.6,13.3,n,17.3,14.2,n,7.5,7.5,n,,,,,,,1,0.9,0.7,yellow_black_stripe,
60522,1,60522_1,VC11_00,VC11_00,6/23/26,7/10/26,17,0,n,0.5,22.2,0.3,5,0.3,19.6,0,y,22,6.7,n,19.4,11,n,10.1,10.1,n,3.2,3.2,,,,,,,,0.4,1,0.5,yellow_black_stripe,
60522,2,60522_2,VC11_00,VC11_00,6/23/26,7/10/26,17,0,n,3.2,21,0.2,4.5,0.2,18.1,0,n,16.3,5,n,10.5,6.9,n,5.2,5.2,n,,,,,,,,,,0.3,0.6,0.5,yellow_black_stripe,
60522,3,60522_3,VC11_00,VC11_00,6/23/26,7/10/26,17,0,n,0.8,22.5,0.2,5.6,0.3,15.5,0,y,21.5,5.1,n,18.7,10.9,n,8.8,8.8,n,1.4,1.4,n,,,,,,,0.3,0.6,1,yellow_black_stripe,
60520,1,60520_1,VC11_00,VC11_00,6/23/26,7/10/26,17,0,n,6,20,0.2,5.2,0.2,14.1,0,n,10.6,6.6,n,4.3,4.3,n,,,,,,,,,,,,,0.3,0.6,0.4,yellow_black_stripe,
60520,2,60520_2,VC11_00,VC11_00,6/23/26,7/10/26,17,0,n,2.5,28.2,0.3,6.2,0.3,13.9,0,y,25.6,6.4,n,23.5,13.7,n,10.9,10.9,n,2.9,2.9,n,,,,,,,0.3,0.5,0.5,yellow_black_stripe,
60520,3,60520_3,VC11_00,VC11_00,6/23/26,7/10/26,17,0,m,1,20.5,0.3,5.4,0.3,16.1,0,y,19.6,4.2,n,19.5,11.6,n,10.1,10.1,n,3,3,n,,,,,,,0.5,0.8,0.8,yellow_black_stripe,
60521,1,60521_1,VC11_00,hist,6/23/26,7/10/26,17,0,n,3.4,23.6,0.3,5.5,0.3,20.4,0,n,14.7,6,n,19.1,17.3,n,18.5,16.9,n,8.2,8.2,n,,,,,,,0.4,1.3,1.3,yellow_black_stripe,
60521,2,60521_2,VC11_00,hist,6/23/26,7/10/26,17,0,n,2,28.9,0.3,7.5,0.3,23.2,0,n,19.7,7.5,n,26.9,19.5,n,21.3,21.3,n,8.1,8.1,n,,,,,,,0.2,0.9,0.8,yellow_black_stripe,
60539,1,60539_1,VC11_00,hist,6/23/26,7/10/26,17,0,n,1.1,34.3,0.3,7.8,0.4,9.4,0,n,27.4,1.6,n,29.8,13.2,n,33.7,27.4,n,26,26,n,11.7,11.7,n,,,,1,0.5,0.5,yellow_black_stripe,
60539,2,60539_2,VC11_00,hist,6/23/26,7/10/26,17,0,n,0.4,27.5,0.3,7.4,0.3,8.4,0,y,22.8,0.6,y,26.9,10.9,n,25.8,22.1,n,17.9,17.9,n,3.4,3.4,n,,,,0.6,0.3,0.4,yellow_black_stripe,
60523,1,60523_1,VC11_00,hist,6/23/26,7/10/26,17,0,n,1.9,23.5,0.3,6.4,0.3,18.1,0,y,20.5,6.4,n,21.6,14.9,n,14.1,14.1,n,,,,,,,,,,0.6,0.8,0.5,yellow_black_stripe,
60523,2,60523_2,VC11_00,hist,6/23/26,7/10/26,17,0,n,1.1,21.7,0.3,5.5,0.3,14.9,0,y,20.6,7,n,20.7,14.6,n,14.2,14.2,n,2.4,2.4,n,,,,,,,0.9,0.5,0.4,yellow_black_stripe,
60523,3,60523_3,VC11_00,hist,6/23/26,7/10/26,17,0,n,2.4,21.9,0.3,5.4,0.3,14.5,0,n,18,5,n,19.2,13.7,n,15.5,15.5,n,7.8,7.8,n,,,,,,,1,0.7,0.6,yellow_black_stripe,
60526,1,60526_1,VC11_00,hist,6/23/26,7/10/26,17,0,n,2.1,25,0.3,5.8,0.3,21.5,0,y,23.1,2.8,n,22.6,11.5,n,17,17,n,6.1,6.1,n,,,,,,,0.4,0.8,0.8,yellow_black_stripe,
60526,2,60526_2,VC11_00,hist,6/23/26,7/10/26,17,0,n,4.5,26.9,0.3,7.1,0.4,22.3,0,n,21.4,13.2,n,20.3,20.3,n,12.4,12.4,n,0.6,0.6,n,,,,,,,0.4,0.9,0.6,yellow_black_stripe,
60526,3,60526_3,VC11_00,hist,6/23/26,7/10/26,17,0,n,1.5,44,0.4,10.3,0.4,42.5,0,n,42.5,13.3,n,39.3,24.2,n,32.7,31.2,n,16.4,16.4,n,,,,,,,0.3,1.3,1.2,yellow_black_stripe,
60527,1,60527_1,VC11_00,hist,6/23/26,7/10/26,17,0,n,0.9,34.5,0.3,8.3,0.4,15.4,0,y,33.7,2.7,n,33.7,14.5,n,24.2,21.7,n,13.4,13.4,n,,,,,,,1.6,0.8,0.8,yellow_black_stripe,
60527,2,60527_2,VC11_00,hist,6/23/26,7/10/26,17,0,n,1.8,36.4,0.3,8.5,0.4,15.1,0,n,31.3,0.5,n,34.8,10.2,n,32.2,20.1,n,27.3,25,n,10.2,10.2,n,,,,0.8,0.7,1.5,yellow_black_stripe,
60527,3,60527_3,VC11_00,hist,6/23/26,7/10/26,17,0,n,2.2,38.5,0.4,9.5,0.4,13.1,0,y,33.9,2.9,n,36.3,19,n,33.3,28.6,n,17,17,n,,,,,,,1.4,0.7,1,yellow_black_stripe,
60540,1,60540_1,VC11_00,hist,6/23/26,7/10/26,17,0,n,2.3,28,0.3,7,0.3,26.7,0,n,25.9,9.7,n,25.7,19.1,n,16,13.4,n,3.7,3.7,n,,,,,,,0.5,0.9,0.9,yellow_black_stripe,
60540,2,60540_2,VC11_00,hist,6/23/26,7/10/26,17,0,n,1.3,40.7,0.4,9.3,0.4,29.3,0,y,36.2,11.2,n,39.2,26,n,29.6,29.6,n,9.8,9.8,n,,,,,,,0.2,1,1.5,yellow_black_stripe,
60540,3,60540_3,VC11_00,hist,6/23/26,7/10/26,17,0,n,2.7,35.4,0.3,7.9,0.4,24.5,0,n,28.5,15.1,n,32.5,28,n,26.2,26.2,n,9.3,9.3,n,,,,,,,0.3,0.8,1.1,yellow_black_stripe,
60544,1,60544_1,VC11_00,hist,6/23/26,7/10/26,17,0,n,1.1,31.7,0.3,6.5,0.3,12.6,0,y,30.2,2.6,n,28.7,19.5,n,21.7,21.7,n,8.6,8.6,n,,,,,,,0.5,0.8,0.6,yellow_black_stripe,
60544,2,60544_2,VC11_00,hist,6/23/26,7/10/26,17,0,n,2.2,37.3,0.3,8,0.4,17.5,0,y,34.8,1.7,n,34.5,16.1,n,31.1,26.2,n,23.4,23.4,n,8.6,8.6,n,,,,0.7,1.2,1,yellow_black_stripe,
60544,3,60544_3,VC11_00,hist,6/23/26,7/10/26,17,0,n,4.8,38,0.3,7.4,0.4,23.6,0,y,33.2,10.8,n,32.6,24.8,n,16.6,16.6,y,10.6,10.6,n,,,,,,,0.4,1.3,0.9,yellow_black_stripe,
60524,1,60524_1,VC11_00,hist,6/23/26,7/10/26,17,0,n,2.7,25,0.3,5.3,0.3,8.7,0,y,22.4,0,y,20.5,5.5,n,18,13.5,n,9.5,9.5,n,,,,,,,0.5,1,0.7,yellow_black_stripe,
60524,2,60524_2,VC11_00,hist,6/23/26,7/10/26,17,0,n,3.8,43.2,0.3,9,0.4,39.5,0,n,38.4,10.2,n,36.6,22,n,33.1,31,n,15.5,15.5,n,2.8,2.8,n,,,,0.4,1.5,1,yellow_black_stripe,
60524,3,60524_3,VC11_00,hist,6/23/26,7/10/26,17,0,n,5.2,33.4,0.3,6.4,0.3,28.3,0,n,20.1,9.1,n,19.1,18.3,n,8.6,8.6,n,,,,,,,,,,0.4,0.7,0.4,yellow_black_stripe,
60541,1,60541_1,VC11_00,hist,6/23/26,7/10/26,17,0,n,6,32.4,0.4,7.6,0.4,11.8,0,y,26.2,0,n,25.8,10.5,n,18.4,16.5,n,10.6,10.6,n,,,,,,,1,0.6,0.5,yellow_black_stripe,
60541,2,60541_2,VC11_00,hist,6/23/26,7/10/26,17,0,n,1.2,26.6,0.3,6.1,0.3,15.7,0,y,19.9,5,n,25.3,14.6,n,23.7,22.5,n,14.1,14.1,n,,,,,,,0.3,1.1,0.9,yellow_black_stripe,
60541,3,60541_3,VC11_00,hist,6/23/26,7/10/26,17,0,n,2.7,32.9,0.3,6.8,0.4,30.3,0,n,27.5,12.7,n,26.7,22.7,n,20,20,n,6,6,n,,,,,,,1,1.2,0.9,yellow_black_stripe,
60933,1,60933_1,VC11_01,hist,6/23/26,7/10/26,17,0,n,1.5,34.5,0.3,7,0.4,31.1,0,n,33,6.6,n,31.2,20,n,30.1,27,n,19,19,n,3.7,3.7,n,,,,0.4,1.5,0.9,orange_black_stripe,
60933,2,60933_2,VC11_01,hist,6/23/26,7/10/26,17,0,n,4.3,41.3,0.3,10.7,0.3,31.8,0,n,34.7,11.3,n,37.6,28.6,n,26.8,26.8,n,7,7,n,,,,,,,0.8,1.5,0.8,orange_black_stripe,
60933,3,60933_3,VC11_01,hist,6/23/26,7/10/26,17,0,n,0.7,31,0.3,6.6,0.3,3.4,0,y,26.2,1.5,n,30,12.5,n,26.5,23.5,n,16.1,16.1,n,3.8,3.8,n,,,,0.5,1,0.5,orange_black_stripe,
60932,1,60932_1,VC11_01,hist,6/23/26,7/10/26,17,0,n,2.5,31,0.4,7.8,0.3,19.7,0,y,28.6,1.7,n,35,11.1,n,16.7,16.7,y,17.6,17.6,n,7.1,7.1,n,,,,0.6,1.3,0.8,orange_black_stripe,
60932,2,60932_2,VC11_01,hist,6/23/26,7/10/26,17,0,n,0.9,29.1,0.3,6.1,0.3,21.1,0,n,24.5,4.3,n,28.2,14.9,n,23.9,23.3,n,13.2,13.2,n,0.9,0.9,n,,,,0.2,1,,orange_black_stripe,
60931,1,60931_1,VC11_01,hist,6/23/26,7/10/26,17,0,n,0.5,42.9,0.3,10.7,0.4,35.6,0,n,41.9,6.3,n,36.8,18.8,y,34,22.5,n,14.7,14.7,n,3.6,3.6,n,,,,0.4,0.8,0.6,orange_black_stripe,
60931,2,60931_2,VC11_01,hist,6/23/26,7/10/26,17,0,n,1.7,45.2,0.4,9.2,0.5,37.7,0,n,36.1,3.8,n,43.4,16,n,40.7,28,n,24,24,n,13.8,13.8,n,,,,0.8,2,1.1,orange_black_stripe,
60931,3,60931_3,VC11_01,hist,6/23/26,7/10/26,17,0,n,1.6,31.6,0.3,6.5,0.3,20.8,0,n,27.2,5,n,30,15.2,n,27.7,24.5,n,15.5,15.5,n,4.2,4.2,n,,,,0.4,1.3,0.8,orange_black_stripe,
60930,1,60930_1,VC11_01,hist,6/23/26,7/10/26,17,0,n,1,38.1,0.3,6.4,0.4,28.7,0,n,29.6,3.1,n,31.3,13.3,n,37.8,28.3,n,27.4,8.4,n,8.4,8.4,n,,,,0.6,1.2,1.3,orange_black_stripe,
60930,2,60930_2,VC11_01,hist,6/23/26,7/10/26,17,0,n,2.2,31.1,0.2,6.5,0.3,22.3,0,n,25.5,4.6,n,28.9,16.6,n,19.4,19.4,n,5.5,5.5,n,,,,,,,0.63,0.5,0.8,orange_black_stripe,
60929,1,60929_1,VC11_01,hist,6/23/26,7/10/26,17,0,n,2.6,26.1,0.3,5.8,0.3,22.8,0,n,23.6,9.5,n,20.2,17.4,n,10,10,n,,,,,,,,,,0.4,1.2,0.5,orange_black_stripe,
60929,2,60929_2,VC11_01,hist,6/23/26,7/10/26,17,0,n,2.6,48.4,0.3,11.3,0.4,36.8,0,n,45.2,13.6,n,26.1,26,y,20,20,n,11.9,11.9,n,,,,,,,1,1.5,,orange_black_stripe,
60929,3,60929_3,VC11_01,hist,6/23/26,7/10/26,17,0,n,4.2,35.1,0.3,7.7,0.4,25.9,0,n,32.5,11.7,n,33.7,24.1,n,21.9,21.9,n,9.2,9.2,n,,,,,,,0.6,1,1.1,orange_black_stripe,
60928,1,60928_1,VC11_01,hist,6/23/26,7/10/26,17,0,n,0.5,58.8,0.4,10.8,0.4,16.7,0,n,40.3,4.7,n,47.4,22,n,53.3,44.8,n,35.8,35.8,n,14.4,14.4,n,,,,0.9,1.9,1,orange_black_stripe,
60928,2,60928_2,VC11_01,hist,6/23/26,7/10/26,17,1,n,2.2,45.2,0.4,9.5,0.4,28.1,0,n,38.7,9,n,43.4,23.5,n,32.4,32.4,y,20.8,20.8,n,5.8,5.8,n,4.4,4.4,n,0.5,2.2,1.5,orange_black_stripe,
60928,3,60928_3,VC11_01,hist,6/23/26,7/10/26,17,0,n,2.9,47.1,0.3,12.7,0.4,44.9,0,n,37.4,5.8,n,40.4,24.5,n,41.8,37.7,n,26.6,26.6,n,4.8,4.8,n,,,,0.5,2.4,1.1,orange_black_stripe,
60927,1,60927_1,VC11_01,hist,6/23/26,7/10/26,17,0,n,2.1,27.1,0.2,6,0.4,20.2,0,n,24.5,6.3,n,25.3,16.8,n,24,24,n,15.8,15.8,n,4.5,4.5,n,,,,0.3,1,0.8,orange_black_stripe,
60927,2,60927_2,VC11_01,hist,6/23/26,7/10/26,17,0,n,1.4,42.3,0.3,9.1,0.4,23.9,0,n,29.9,1.9,n,40.7,15.7,n,41.9,29.3,n,28.5,28.5,n,12.3,12.3,n,1,1,n,1,1.2,1.1,orange_black_stripe,
60927,3,60927_3,VC11_01,hist,6/23/26,7/10/26,17,0,n,1.3,27.9,0.3,6.4,0.3,21.5,0,y,26.5,4.1,n,24,16.3,y,20.2,20.2,n,8.2,8.2,n,,,,,,,0.3,1.2,0.7,orange_black_stripe,
60925,1,60925_1,VC11_01,hist,6/23/26,7/10/26,17,0,n,3.4,29,0.3,7,0.3,19.1,0,n,24,9.4,n,25.6,19.2,n,13.4,13.4,n,0.3,0.3,n,,,,,,,0.6,0.8,0.8,orange_black_stripe,
60925,2,60925_2,VC11_01,hist,6/23/26,7/10/26,17,0,n,1,53.7,0.5,11.2,0.5,36.3,0,n,43.1,4,n,51.7,19.3,n,44,29.5,n,32.9,32.9,n,15,15,n,1,1,,0.7,2,1.3,orange_black_stripe,
60925,3,60925_3,VC11_01,hist,6/23/26,7/10/26,17,0,n,3.7,31.3,0.3,6.4,0.3,19.5,0,n,27.5,10.4,n,27.3,21.1,n,15,15,n,3.5,3.5,n,,,,,,,0.7,0.7,0.6,orange_black_stripe,
60924,1,60924_1,VC11_01,hist,6/23/26,7/10/26,17,0,n,6.6,31.4,0.3,6.5,0.4,23.8,1.8,n,27.9,7.3,n,31.8,19.2,n,20.2,20.2,n,11.5,11.5,n,,,,,,,0.3,1.2,0.8,orange_black_stripe,
60924,2,60924_2,VC11_01,hist,6/23/26,7/10/26,17,0,n,1,46.3,0.4,9,0.4,35,0,n,37,5.8,n,45.3,20.8,n,36.6,30.1,n,23,23,n,10.2,10.2,n,,,,0.9,1.8,0.9,orange_black_stripe,
60934,1,60934_1,VC11_01,VC11_00,6/23/26,7/10/26,17,0,n,4.6,42.7,0.4,9.5,0.5,38.2,0,n,35.6,3.3,n,33.5,11.1,n,22.8,14.3,n,,,,,,,,,,0.5,0.9,1.2,orange_black_stripe,
60934,2,60934_2,VC11_01,VC11_00,6/23/26,7/10/26,17,0,n,5.4,41.5,0.4,9.8,0.5,16.9,0,y,28.6,18.7,y,36.4,5,n,29.2,21.2,n,14.1,14.1,n,,,,,,,1.4,1.3,1.2,orange_black_stripe,
60934,3,60934_3,VC11_01,VC11_00,6/23/26,7/10/26,17,0,n,4.3,43.7,0.4,10.6,0.4,35.1,0.9,n,39.7,10.2,n,29.2,11.7,n,5.5,5.5,n,,,,,,,,,,0.3,1.2,1.3,orange_black_stripe,
60921,1,60921_1,VC11_01,VC11_00,6/23/26,7/10/26,17,0,n,2,28.5,0.3,7.2,0.3,22.6,0,n,26.6,3.7,n,21.9,13.4,y,21.4,17.5,n,10.6,10.6,n,1.2,1.2,n,,,,0.4,1,0.7,orange_black_stripe,
60921,2,60921_2,VC11_01,VC11_00,6/23/26,7/10/26,17,0,n,2.7,36.3,0.3,7.5,0.3,33.4,33.4,n,30,8.4,n,19.2,19.2,n,30.2,18.6,n,5,5,n,,,,,,,0.8,0.8,0.8,orange_black_stripe,
60921,3,60921_3,VC11_01,VC11_00,6/23/26,7/10/26,17,0,n,3.2,45.3,0.4,8.5,0.4,30.6,0,n,40.9,7.3,n,39.7,18.5,n,26,23.6,n,8.6,8.6,n,,,,,,,0.3,1.1,1.2,orange_black_stripe,
60926,1,60926_1,VC11_01,VC11_00,6/23/26,7/10/26,17,0,n,1.1,41.3,0.4,8.6,0.4,34.3,0,n,35.6,3.7,n,40.2,15.2,n,31.7,20.5,n,12.2,12.2,n,2.4,2.4,n,,,,1.4,1.1,1,orange_black_stripe,
60926,2,60926_2,VC11_01,VC11_00,6/23/26,7/10/26,17,0,n,4.6,36.6,0.3,6.7,0.3,32,0,n,23.8,10.3,n,14.1,13.1,n,4.3,4.3,n,,,,,,,,,,0.7,0.6,0.5,orange_black_stripe,
60926,3,60926_3,VC11_01,VC11_00,6/23/26,7/10/26,17,0,n,2.6,37.5,0.4,9.1,0.4,12.3,0,y,34.9,10.3,n,33.4,3,y,20.5,12.3,n,0.2,0.2,n,1,1,n,,,,1,1.1,0.7,orange_black_stripe,
60923,1,60923_1,VC11_01,VC11_00,6/23/26,7/10/26,17,0,n,0.9,47.7,0.4,10.8,0.5,29.7,0,y,39,2.9,n,46.8,14.5,n,39.1,26,n,29.7,27,n,14.7,14.7,n,2.5,2.5,n,0.8,2.2,1.8,orange_black_stripe,
60923,2,60923_2,VC11_01,VC11_00,6/23/26,7/10/26,17,0,n,3.5,12.5,0.3,5.4,0.3,4.2,0,y,7.3,7.3,y,8.9,8.9,y,5,5,n,,,,,,,,,,0.4,1,1.2,orange_black_stripe,
60923,3,60923_3,VC11_01,VC11_00,6/23/26,7/10/26,17,0,n,2.1,25,0.3,4.7,0.3,9,0,y,19.9,1.7,n,22.9,9.9,n,14.3,13.7,n,4.5,4.5,n,,,,,,,0.8,0.5,0.4,orange_black_stripe,
60944,1,60944_1,VC11_01,VC11_00,6/23/26,7/10/26,17,0,n,2.3,23.2,0.4,8.7,0.4,4.3,0,y,8.8,3.3,n,24.1,22.9,y,21,19.9,y,13.9,13.9,n,4.2,4.2,n,,,,1.2,1.3,1.5,orange_black_stripe,
60944,2,60944_2,VC11_01,VC11_00,6/23/26,7/10/26,17,0,n,1.8,35.1,0.3,7.7,0.4,20,0,n,25.8,1.4,n,33.2,9.1,n,32.1,19.8,n,18.9,18.5,n,6.5,6.5,n,,,,1.3,1,1,orange_black_stripe,
60944,3,60944_3,VC11_01,VC11_00,6/23/26,7/10/26,17,0,n,2,43.6,0.4,9.1,0.4,36.2,0,n,34.2,2.6,n,42,15.3,n,37.5,23.4,n,20.6,20.6,n,4.9,4.9,n,,,,1.4,1.5,1.1,orange_black_stripe,
60945,1,60945_1,VC11_01,VC11_00,6/23/26,7/10/26,17,0,n,,39.5,3.3,8.6,0.5,28,0,y,30.7,2.3,n,37.3,13.2,n,29.4,19.8,n,17.9,17.9,n,5.2,5.2,n,,,,0.7,2,1.1,orange_black_stripe,
60945,2,60945_2,VC11_01,VC11_00,6/23/26,7/10/26,17,0,n,2.7,40.3,0.3,9,0.4,29,0,n,28.6,4.5,n,37.5,17.7,n,27.6,21.7,n,11.7,11.7,n,0.7,0.7,,,,,0.3,1,1,orange_black_stripe,
60945,3,60945_3,VC11_01,VC11_00,6/23/26,7/10/26,17,0,n,4.6,30.4,0.3,6.7,0.3,17.3,0,n,25.9,9,n,25,16.9,n,11.4,11.4,n,,,,,,,,,,0.6,0.7,0.7,orange_black_stripe,
60946,1,60946_1,VC11_01,VC11_00,6/23/26,7/10/26,17,0,n,1.2,38,0.3,8.4,0.4,28,0,n,30.1,3.7,n,36.6,14.2,n,21.3,15.6,n,9.8,9.8,n,0.5,0.5,n,,,,0.3,1.3,1,orange_black_stripe,
60946,2,60946_2,VC11_01,VC11_00,6/23/26,7/10/26,17,0,n,3.1,17.7,0.3,5.1,0.4,20.8,0,n,21.2,13,n,24.5,7.3,n,12.5,12.5,n,2.4,2.4,n,,,,,,,0.4,1.1,0.6,orange_black_stripe,
60946,3,60946_3,VC11_01,VC11_00,6/23/26,7/10/26,17,0,n,1.6,40,0.4,9.1,0.4,12.7,0,y,21.3,2.2,n,38.6,15,n,35.7,24.5,n,23,23,n,6.1,6.1,n,,,,0.6,1.6,0.8,orange_black_stripe,
60948,1,60948_1,VC11_01,VC11_00,6/23/26,7/10/26,17,0,n,3.2,45,0.4,9.9,0.4,29.5,0,n,38.5,6.9,n,42,21.4,n,28,22.6,n,9.8,9.8,n,,,,,,,1,1.5,1.4,orange_black_stripe,
60948,2,60948_2,VC11_01,VC11_00,6/23/26,7/10/26,17,0,n,1.8,27.5,0.4,6.5,0.4,21.4,0,n,25.6,5.5,n,25.6,15.1,n,15.5,15.5,n,5.3,5.3,n,,,,,,,1,0.7,0.5,orange_black_stripe,
60948,3,60948_3,VC11_01,VC11_00,6/23/26,7/10/26,17,0,n,2,30.6,0.3,7.2,0.4,19.3,0,y,23.8,1.8,n,27.7,9.3,n,24.3,18,n,12.6,12.6,n,1.7,1.7,n,,,,0.5,1.4,0.5,orange_black_stripe,
60935,1,60935_1,VC11_01,VC11_00,6/23/26,7/10/26,17,0,n,3,45.7,0.5,10.1,0.5,37.9,0,n,42.1,8.2,n,23.5,23.5,n,40.2,22.2,n,5,5,n,,,,,,,0.9,2.2,1.6,orange_black_stripe,
60935,2,60935_2,VC11_01,VC11_00,6/23/26,7/10/26,17,0,n,4.2,25.2,0.3,6.2,0.2,21.1,0,n,20.6,4.3,n,19.6,13,n,8.1,8.1,n,,,,,,,,,,0.3,0.5,0.4,orange_black_stripe,
60935,3,60935_3,VC11_01,VC11_00,6/23/26,7/10/26,17,0,n,4.9,28.6,0.2,6.1,0.2,22.7,4.9,n,27.5,13.2,n,19.7,17.7,n,8.2,8.2,n,,,,,,,,,,0.3,0.8,0.5,orange_black_stripe,
60936,1,60936_1,VC11_01,VC11_01,6/23/26,7/10/26,17,0,n,2,36,0.3,8.4,0.4,29.4,0,n,30,2.7,n,34.1,13.4,n,29,21.6,n,15.3,15.3,n,,,,,,,0.3,1,1.2,orange_black_stripe,
60936,2,60936_2,VC11_01,VC11_01,6/23/26,7/10/26,17,0,n,1.2,45.8,0.4,9.5,0.4,35.1,0,n,44.9,21.4,n,37,4.9,n,22.8,22.8,n,39.5,27.8,n,3,3,n,,,,0.4,1.3,1.2,orange_black_stripe,
60936,3,60936_3,VC11_01,VC11_01,6/23/26,7/10/26,17,0,n,4.1,50.5,0.4,12,0.5,38.3,0,n,34.3,1.4,n,46.5,12.7,n,45.4,25.7,n,28.6,26.6,n,11.1,11.1,n,,,,0.6,1.6,1.4,orange_black_stripe,
60937,1,60937_1,VC11_01,VC11_01,6/23/26,7/10/26,17,0,n,4.1,40.3,0.4,8.6,0.4,10.6,0,y,31.7,3,n,33.7,11.3,n,33.1,23.1,n,15.6,15.6,n,2.5,2.5,n,,,,1.2,1.3,0.9,orange_black_stripe,
60937,2,60937_2,VC11_01,VC11_01,6/23/26,7/10/26,17,0,n,2,40.2,0.3,9.1,0.4,26.2,0,y,33,0,n,33.6,1.5,n,37.5,10.5,y,38.3,20.7,n,25.6,21.1,n,8.7,8.7,,0.7,1.4,1.5,orange_black_stripe,
60937,3,60937_3,VC11_01,VC11_01,6/23/26,7/10/26,17,0,n,2.8,28.5,0.3,6.7,0.3,17.2,0,y,25.7,0.8,n,24.9,7.3,n,23.5,14.5,n,14.2,14.2,n,1.7,1.7,n,,,,0.6,0.7,0.5,orange_black_stripe,
60938,1,60938_1,VC11_01,VC11_01,6/23/26,7/10/26,17,0,n,3,23.3,0.3,5.7,0.3,18.8,0,y,20.3,4.8,n,19.4,12.4,n,12,12,n,1.5,1.5,n,,,,,,,0.6,0.8,1.2,orange_black_stripe,
60938,2,60938_2,VC11_01,VC11_01,6/23/26,7/10/26,17,0,n,3.2,32.6,0.3,7.1,0.3,18.2,0,y,23.1,0.3,n,28.9,5.5,n,29.2,14,n,19.6,17.1,n,4.8,4.8,n,,,,0.9,0.8,0.7,orange_black_stripe,
60938,3,60938_3,VC11_01,VC11_01,6/23/26,7/10/26,17,0,n,4.2,30.3,0.3,7,0.3,14.7,0,y,26.2,10.3,n,30,15.2,y,3.4,3.4,n,,,,,,,,,,0.5,0.4,0.3,orange_black_stripe,
60939,1,60939_1,VC11_01,VC11_01,6/23/26,7/10/26,17,0,n,2,34.7,0.3,7.4,0.3,14.8,0,y,28.2,1.5,n,35,2.8,n,32.2,8.9,n,32.2,19,n,8.5,8.5,n,7.7,7.7,n,0.6,1.2,1.3,orange_black_stripe,
60939,2,60939_2,VC11_01,VC11_01,6/23/26,7/10/26,17,0,n,5.4,40.4,0.3,9.1,0.3,18.9,0,y,33.9,1.5,n,34.6,12.8,n,24.6,22.5,n,9.7,9.7,n,,,,,,,1,0.7,0.6,orange_black_stripe,
60939,3,60939_3,VC11_01,VC11_01,6/23/26,7/10/26,17,0,n,3,22.3,0.3,4.4,0.4,1.8,0,y,19.8,0.2,n,7.1,7.1,n,,,,,,,,,,,,,0.4,0.6,0.6,orange_black_stripe,brownish sheath
60940,1,60940_1,VC11_01,VC11_01,6/23/26,7/10/26,17,0,n,2.1,44.1,0.4,9.3,0.5,42,0,n,35.1,2.1,n,40.5,24,n,39.2,10,n,23.1,23.1,n,4,4,,,,,0.4,1,1,orange_black_stripe,
60940,2,60940_2,VC11_01,VC11_01,6/23/26,7/10/26,17,0,n,1.5,52.3,0.5,11.5,0.5,32.3,0,y,43.5,5.6,n,50.5,22.3,n,37.2,25.1,n,25.3,25.3,n,5.1,5.1,n,,,,1,1.6,1,orange_black_stripe,
60940,3,60940_3,VC11_01,VC11_01,6/23/26,7/10/26,17,0,n,3.6,46.6,0.4,9.8,0.4,32.7,0,y,39.5,7.3,n,43.5,21.6,n,26.4,26.4,n,7.3,7.3,n,,,,,,,0.5,1,0.7,orange_black_stripe,
60941,1,60941_1,VC11_01,VC11_01,6/23/26,7/10/26,17,0,n,3.9,47.1,0.5,10.8,0.5,36,0,y,25,4,y,43.4,17.2,n,38.7,24.5,n,16.8,16.8,n,2.1,2.1,n,,,,0.3,1.1,1.4,orange_black_stripe,
60941,2,60941_2,VC11_01,VC11_01,6/23/26,7/10/26,17,0,n,1.8,36.3,0.4,7.4,0.4,27,0,n,28.8,2.3,n,34.4,12.6,n,33.7,20.6,n,15.1,15.1,n,5.6,5.6,n,,,,0.5,1.4,1.5,orange_black_stripe,
60941,3,60941_3,VC11_01,VC11_01,6/23/26,7/10/26,17,0,n,1.5,40.9,0.4,7.6,0.4,39.5,0,n,30.2,0.9,n,31.8,6.2,n,35.6,18.3,n,27.7,21.6,n,11.5,11.5,n,,,,0.8,1,0.9,orange_black_stripe,
60942,1,60942_1,VC11_01,VC11_01,6/23/26,7/10/26,17,0,n,2,45.1,0.4,5.6,0.4,28.7,0,n,38.3,7,n,42.7,20.2,n,29,17.2,n,16.5,16.5,n,2.2,2.2,,,,,1,1.1,1.1,orange_black_stripe,
60942,2,60942_2,VC11_01,VC11_01,6/23/26,7/10/26,17,0,n,4.2,30.2,0.3,7,0.2,14.6,0,y,26.4,11.5,n,21.1,18.3,n,6.3,6.3,n,,,,,,,,,,0.6,0.6,0.5,orange_black_stripe,
60942,3,60942_3,VC11_01,VC11_01,6/23/26,7/10/26,17,0,n,5.3,31.5,0.3,7.8,0.3,24.3,0,n,26.5,11,n,17.9,17.9,n,5.5,5.5,n,,,,,,,,,,0.3,0.7,0.5,orange_black_stripe,
60943,1,60943_1,VC11_01,VC11_01,6/23/26,7/10/26,17,0,n,1.9,31.9,0.3,8,0.3,23.4,0,n,30.2,3.7,n,27.5,15.5,y,22.5,10.3,n,9,9,n,,,,,,,0.2,1.7,1,orange_black_stripe,
60943,2,60943_2,VC11_01,VC11_01,6/23/26,7/10/26,17,0,n,3.7,40.4,0.4,10,0.4,25.9,0,y,33.5,2.1,n,37,14.1,n,33.5,25.5,n,20.8,20.8,y,4.8,4.8,n,,,,0.3,1,1,orange_black_stripe,
60943,3,60943_3,VC11_01,VC11_01,6/23/26,7/10/26,17,0,n,4,28.5,0.3,7.4,0.3,24.5,0,y,24.3,0,n,24,1.2,n,24.1,6.6,n,15.5,8.9,n,0.9,0.9,n,,,,0.2,0.8,0.8,orange_black_stripe,
60949,1,60949_1,VC11_01,VC11_01,6/23/26,7/10/26,17,0,n,5.5,31,0.3,7.2,0.3,21.6,0,n,25.7,11.3,n,19.5,9.4,n,14.5,0.6,n,18.5,18.5,n,5.4,5.4,n,,,,0.1,0.9,1.2,orange_black_stripe,
60949,2,60949_2,VC11_01,VC11_01,6/23/26,7/10/26,17,0,n,3,30.9,0.3,7.6,0.3,22,0,y,28,13.2,n,20.5,1.5,n,23.7,18,n,9.7,9.3,n,,,,,,,0.2,0.7,0.7,orange_black_stripe,
60949,3,60949_3,VC11_01,VC11_01,6/23/26,7/10/26,17,0,n,3,25.9,0.3,6.2,0.3,10,0,y,2.4,2.4,y,24,6.3,n,18.4,14,n,6.3,6.3,n,,,,,,,0.3,0.6,0.6,orange_black_stripe,
